"","numberOfLinks","rbsAfter","rbsPref","rbsInvPref","rbsRand"
"1",0,0.951435683581633,0.951435683581633,0.951435683581633,0.951435683581633
"2",1,0.953058473455814,0.954945521221031,0.960334901247085,0.957424315360308
"3",2,0.956985565826784,0.958222855215742,0.963364710257104,0.962611727641103
"4",3,0.959792552897067,0.966735602743369,0.966131329740546,0.961893872864807
"5",4,0.964544018305614,0.967923235371168,0.966854243648371,0.962290896018478
"6",5,0.971562730942756,0.968138805778452,0.966787921940119,0.967519310152272
"7",6,0.972525212939561,0.9703894500615,0.971936367312745,0.968565121289301
"8",7,0.973478556648006,0.969703401742671,0.972316572839827,0.970216721309794
"9",8,0.976043858338231,0.968026846032408,0.97292465483319,0.97120490626211
"10",9,0.976743927697855,0.968270779187597,0.973471583559709,0.971308323081667
"11",10,0.977545135754783,0.970215335968724,0.974532205065599,0.973757292834285
"12",11,0.978086276912808,0.971981338238746,0.975881644180962,0.97395899120234
"13",12,0.978626338273834,0.972747276564617,0.977018305224858,0.974208943899727
"14",13,0.979134031753079,0.97277648016525,0.977234652815973,0.976422599766753
"15",14,0.979818340458415,0.97368203242507,0.977670863287743,0.976994892290189
"16",15,0.980102196184447,0.975190816078257,0.978076961461312,0.976201992537795
"17",16,0.980833546421054,0.975704968089007,0.978992975633355,0.976601247477867
"18",17,0.981471335817347,0.976913506338362,0.979262100905573,0.977834772936809
"19",18,0.981766668476625,0.976921921615794,0.979358741249585,0.978172979188744
"20",19,0.982072308289068,0.976751264894425,0.9797763512513,0.978443426462902
"21",20,0.98237794810151,0.97652444282623,0.981588988555589,0.97878798804896
"22",21,0.982668409775707,0.975755516557921,0.982811718561558,0.979493687271974
"23",22,0.982969178603069,0.975925797272419,0.983159812541377,0.980093652081895
"24",23,0.983419527573826,0.975682834767552,0.983176658999164,0.980639255897443
"25",24,0.983713076932001,0.976073917607614,0.983643866040273,0.981053816141935
"26",25,0.98401693344334,0.976482717447459,0.983677243643224,0.981288908473502
"27",26,0.984293367424165,0.976699854807454,0.983916170295261,0.98164506969701
"28",27,0.984580108558154,0.976679305943367,0.984055732627155,0.981989716346542
"29",28,0.984895329652596,0.976650265948341,0.984213220641786,0.982600875498208
"30",29,0.985165861933023,0.976831385534222,0.984215085745691,0.983086506017852
"31",30,0.985446701366615,0.977250935749691,0.984220656516568,0.983790696522599
"32",31,0.985801005666497,0.977674535203903,0.984331867427098,0.984942601204188
"33",32,0.986079266824474,0.977709874014752,0.98475971244678,0.985367876128535
"34",33,0.986376358244014,0.978117185787246,0.985046259485027,0.985895266979055
"35",34,0.986678603240137,0.978057780591787,0.985012155896502,0.986297196870781
"36",35,0.987149449018651,0.97802392241167,0.984929420541657,0.98635064682219
"37",36,0.98753185778696,0.978083139460683,0.985298931982597,0.986411966203238
"38",37,0.987836848382612,0.978049420345332,0.98532475712747,0.986286734292292
"39",38,0.988105569846448,0.978522518675573,0.985449481861038,0.986409716626158
"40",39,0.988384598463448,0.978474925804852,0.985545812841723,0.986461064245533
"41",40,0.988778593483294,0.978841541426569,0.986696264408068,0.986444016541411
"42",41,0.98913356856616,0.978905077663575,0.98681738981831,0.986913713362375
"43",42,0.989399391979788,0.978923139722454,0.986846847007631,0.986957813253414
"44",43,0.98967552254658,0.980323759133278,0.986819901164358,0.98706691365163
"45",44,0.989951653113372,0.980039600736874,0.987066536615076,0.98714612330567
"46",45,0.990238090833329,0.979992138750637,0.987809477851214,0.987486782898031
"47",46,0.990508843981324,0.98104557888571,0.987884842773518,0.98752863321199
"48",47,0.990904906381097,0.982432635391814,0.987902512178943,0.987586375579565
"49",48,0.991336790171051,0.982493570299688,0.988241061258988,0.987618695866988
"50",49,0.991713015391123,0.982478698550123,0.988403112611516,0.987831391334785
"51",50,0.992077117435806,0.983183920513848,0.988769294678379,0.987905823705137
